アナログ局,対応デジタル局1,開設年1,デジタル局2,開設年2,デジタル局3,開設年3,備考
福島,福島,2005,,,,,
原町,原町,2007,富岡,2007,福島,2005,
月舘,月舘,2008,福島,2005,保原富沢,2010,
川俣,川俣,2009,福島,2005,南川俣,2010,
岩代,岩代,2010,福島,2005,,,
福島信夫,福島信夫,2010,福島,2005,,,
二本松,福島,2005,,,,,
飯舘,飯舘,2007,福島,2005,飯舘関沢,2010,
山舟生,福島,2005,,,,,
白根,福島,2005,,,,,
東和針道,福島,2005,,,,,
保原富沢,保原富沢,2010,福島,2005,月舘,2008,
南川俣,南川俣,2010,川俣,2009,,,
鹿島栃窪,原町,2007,,,,,
蕨平,蕨平,2010,福島,2005,,,
飯舘関沢,飯舘関沢,2010,飯舘,2007,,,
飯舘向押,飯舘,2007,福島,2005,,,
渡利,福島,2005,,,,,
北川俣,福島,2005,,,,,
福島大波,福島大波,2010,福島,2005,,,
土湯,土湯,2010,福島,2005,,,
会津若松,会津若松,2006,福島,2005,柳津三島,2008,
田島,田島,2008,荒海,2009,,,
白河,白河,2007,福島,2005,天栄,2009,
石川,石川,2008,福島,2005,,,
東只見,東只見,2009,南郷,2009,,,
只見,只見,2009,東只見,2009,,,
小野,小野,2010,滝根,2007,福島,2005,
船引,船引,2009,福島,2005,滝根,2007,
東金山,東金山,2009,金山,2010,柳津三島,2008,
金山,金山,2010,東金山,2009,,,
塙,塙,2008,東塙,2009,福島,2005,
西金山,西金山,2010,,,,,
柳津三島,柳津三島,2008,会津若松,2006,東金山,2009,
荒海,荒海,2009,田島,2008,,,
西古殿,西古殿,2009,古殿,2010,福島,2005,
古殿,古殿,2010,西古殿,2009,,,
磐梯熱海,磐梯熱海,2008,高玉,2010,福島,2005,
高玉,高玉,2010,磐梯熱海,2008,福島,2005,
西会津,会津若松,2006,,,,,
南郷,南郷,2009,東只見,2009,,,
伊南,伊南,2010,,,,,
三春,三春,2009,福島,2005,船引,2009,
滝根,滝根,2007,小野,2010,福島,2005,
昭和,昭和,2009,東昭和,2010,,,
東昭和 ,東昭和,2010,昭和,2009,,,
磐城西郷 ,磐城西郷,2010,白河,2007,福島,2005,
長沼,長沼,2009,天栄,2009,福島,2005,
都路,福島,2005,,,,,
天栄,天栄,2009,福島,2005,石川,2008,
西会津奥川,会津若松,2006,,,,,
南伊南,南伊南,2010,,,,,
舘岩,,,,,,,共聴やケーブルによる受信地域
東塙,東塙,2009,塙,2008,福島,2005,
南白河,白河,2007,福島,2005,,,
矢祭,矢祭,2010,塙,2008,東塙,2009,
常葉,福島,2005,船引,2009,,,
東常葉,東常葉,2010,福島,2005,船引,2009,
蓬田,蓬田,2009,福島,2005,滝根,2007,
東舘岩,,,,,,,共聴やケーブルによる受信地域
東裏磐梯,東裏磐梯,2009,,,,,
裏磐梯,裏磐梯,2010,会津若松,2006,東裏磐梯,2009,
会津東山,会津若松,2006,,,,,
郡山田村,郡山田村,2008,福島,2005,白河,2007,
棚倉富岡,棚倉富岡,2009,塙,2008,東塙,2009,
表郷,表郷,2009,福島,2005,白河,2007,
いわき,いわき北,2009,いわき南,2007,富岡,2007,
富岡,富岡,2007,原町,2007,いわき北,2009,
勿来,いわき南,2007,いわき北,2009,,,
双葉川内,双葉川内,2009,福島,2005,,,
いわき遠野,いわき遠野,2010,いわき南,2007,,,
葛尾,,,,,,,共聴やケーブルによる受信地域
いわき永崎,いわき南,2007,,,,,
浪江津島,浪江津島,2010,福島,2005,,,
いわき窪田,いわき南,2007,,,,,
内郷宮,いわき南,2007,,,,,
広野,富岡,2007,,,,,
大久,大久,2010,富岡,2007,いわき南,2007,
棚倉山本,福島,2005,塙,2008,東塙,2009,
小野浮金,福島,2005,小野,2010,滝根,2007,
郡山柳橋,福島,2005,,,,,
西郷長坂,西郷長坂,2010,白河,2007,,,
西郷谷地中,西郷谷地中,2010,白河,2007,,,
泉崎太田川,福島,2005,白河,2007,,,
犬神,犬神,2010,福島,2005,,,
古殿松川,古殿,2010,,,,,
大里,大里,2010,福島,2005,天栄,2009,
入水,福島,2005,,,,,
大越,福島,2005,滝根,2007,船引,2009,
西郷虫笠,西郷虫笠,2010,白河,2007,,,
玉川川辺,福島,2005,白河,2007,,,
西郷羽太,白河,2007,福島,2005,,,
いわき四ツ波,いわき南,2007,いわき北,2009,,,
郡山河内,郡山河内,2010,福島,2005,,,
いわき湯本,いわき湯本,2010,いわき南,2007,,,
